fiscal_year,cornell,peer_median,source
2015,3.4,,Cornell Chronicle
2016,-3.3,,Cornell Chronicle
2017,12.5,,Chief Investment Officer / Pensions & Investments
2018,10.6,,Cornell Chronicle
2019,5.3,,Cornell Chronicle
2020,1.9,2.2,Cornell June 2025 Quarterly Report
2021,41.9,30.9,Cornell June 2025 Quarterly Report
2022,-1.3,-5.9,Cornell June 2025 Quarterly Report
2023,3.6,7.3,Cornell June 2025 Quarterly Report
2024,8.7,10.2,Cornell June 2025 Quarterly Report
2025,12.3,10.7,Cornell June 2025 Quarterly Report
